{"name":"searching_by_keyword_banana_should_display_the_corresponding_article","id":"org.example.features.search.SearchByKeywordStory:searching_by_keyword_banana_should_display_the_corresponding_article","testCaseName":"org.example.features.search.SearchByKeywordStory","testSteps":[{"number":1,"description":"Is the home page","duration":3384,"startTime":"2024-05-02T20:06:08.123979300+03:00[Europe/Bucharest]","screenshots":[{"screenshot":"dd2e373e55a4e53f37877cca97934135ce65261705da218af4c151e09588a8e1.png","timeStamp":1714669571507}],"result":"SUCCESS","precondition":false,"level":0},{"number":2,"description":"Looks for: pear","duration":1349,"startTime":"2024-05-02T20:06:11.514295400+03:00[Europe/Bucharest]","screenshots":[{"screenshot":"b84196d4354f25aaf9df69b12c03bd473fb363bbcc6358ea5348d384ddcf1640.png","timeStamp":1714669572863}],"result":"SUCCESS","precondition":false,"level":0,"children":[{"number":3,"description":"Enters: pear","duration":463,"startTime":"2024-05-02T20:06:11.517296900+03:00[Europe/Bucharest]","screenshots":[{"screenshot":"6833a9442c29087c3ef661850bad672a1f7652ba3e7ffd91f467cf1f8f811d46.png","timeStamp":1714669571981}],"result":"SUCCESS","precondition":false,"level":1},{"number":4,"description":"Starts search","duration":876,"startTime":"2024-05-02T20:06:11.984298+03:00[Europe/Bucharest]","screenshots":[{"screenshot":"6833a9442c29087c3ef661850bad672a1f7652ba3e7ffd91f467cf1f8f811d46.png","timeStamp":1714669571989},{"screenshot":"b84196d4354f25aaf9df69b12c03bd473fb363bbcc6358ea5348d384ddcf1640.png","timeStamp":1714669572860}],"result":"SUCCESS","precondition":false,"level":1}]},{"number":5,"description":"Should see definition: An edible fruit produced by the pear tree, similar to an apple but typically elongated towards the stem.","duration":205,"startTime":"2024-05-02T20:06:12.864441800+03:00[Europe/Bucharest]","screenshots":[{"screenshot":"a25ff8df0d81492c254928ea959264a43202813606e115fc36fc1c3c604764a6.png","timeStamp":1714669573069}],"result":"SUCCESS","precondition":false,"level":0}],"userStory":{"id":"org.example.features.search.SearchByKeywordStory","storyName":"Search by keyword story","storyClassName":"org.example.features.search.SearchByKeywordStory","path":"search","type":"story"},"featureTag":{"name":"Search/Search by keyword story","type":"story","displayName":"Search/Search by keyword story"},"title":"Searching by keyword banana should display the corresponding article","tags":[{"name":"Search","type":"feature","displayName":"Search"},{"name":"Search/Search by keyword story","type":"story","displayName":"Search/Search by keyword story"},{"name":"Search","type":"capability","displayName":"Search for definitions"}],"startTime":"2024-05-02T20:06:07.686979500+03:00[Europe/Bucharest]","duration":5385,"projectKey":"","sessionId":"c6f31346b8ca85bae2f94adc8e89f729","driver":"chrome","isManualTestingUpToDate":false,"manual":false,"testSource":"JUnit","order":0,"result":"SUCCESS"}