{"name":"searching_by_keyword_apple_should_display_the_corresponding_article","id":"org.example.features.search.SearchByKeywordStory:searching_by_keyword_apple_should_display_the_corresponding_article","testCaseName":"org.example.features.search.SearchByKeywordStory","testSteps":[{"number":1,"description":"Is the home page","duration":456,"startTime":"2024-05-02T20:06:18.944360800+03:00[Europe/Bucharest]","screenshots":[{"screenshot":"35dd630897f0c1c5b977079364749ed0bcb00f2abbc7e4d081df740c20b3e200.png","timeStamp":1714669579061},{"screenshot":"dd2e373e55a4e53f37877cca97934135ce65261705da218af4c151e09588a8e1.png","timeStamp":1714669579401}],"result":"SUCCESS","precondition":false,"level":0},{"number":2,"description":"Looks for: apple","duration":1308,"startTime":"2024-05-02T20:06:19.401277800+03:00[Europe/Bucharest]","screenshots":[{"screenshot":"2ab99deb99c44965d832191b3c800c011bfd278d95d405230d88a4e5f14eee16.png","timeStamp":1714669580710}],"result":"SUCCESS","precondition":false,"level":0,"children":[{"number":3,"description":"Enters: apple","duration":372,"startTime":"2024-05-02T20:06:19.403276100+03:00[Europe/Bucharest]","screenshots":[{"screenshot":"c532aa9ebcf3c5fbc64929dbc264b806e3054e3ccf2f2f59d4a55367e3ee761f.png","timeStamp":1714669579775}],"result":"SUCCESS","precondition":false,"level":1},{"number":4,"description":"Starts search","duration":931,"startTime":"2024-05-02T20:06:19.776335200+03:00[Europe/Bucharest]","screenshots":[{"screenshot":"c532aa9ebcf3c5fbc64929dbc264b806e3054e3ccf2f2f59d4a55367e3ee761f.png","timeStamp":1714669579779},{"screenshot":"2ab99deb99c44965d832191b3c800c011bfd278d95d405230d88a4e5f14eee16.png","timeStamp":1714669580708}],"result":"SUCCESS","precondition":false,"level":1}]},{"number":5,"description":"Should see definition: A common, round fruit produced by the tree Malus domestica, cultivated in temperate climates.","duration":546,"startTime":"2024-05-02T20:06:20.711060300+03:00[Europe/Bucharest]","screenshots":[{"screenshot":"2ab99deb99c44965d832191b3c800c011bfd278d95d405230d88a4e5f14eee16.png","timeStamp":1714669581257}],"result":"SUCCESS","precondition":false,"level":0}],"userStory":{"id":"org.example.features.search.SearchByKeywordStory","storyName":"Search by keyword story","storyClassName":"org.example.features.search.SearchByKeywordStory","path":"search","type":"story"},"featureTag":{"name":"Search/Search by keyword story","type":"story","displayName":"Search/Search by keyword story"},"title":"Searching by keyword apple should display the corresponding article","coreIssues":["#WIKI-1"],"tags":[{"name":"Search","type":"feature","displayName":"Search"},{"name":"Search/Search by keyword story","type":"story","displayName":"Search/Search by keyword story"},{"name":"Search","type":"capability","displayName":"Search for definitions"}],"startTime":"2024-05-02T20:06:18.715361500+03:00[Europe/Bucharest]","duration":2541,"projectKey":"","sessionId":"c6f31346b8ca85bae2f94adc8e89f729","driver":"chrome","isManualTestingUpToDate":false,"manual":false,"testSource":"JUnit","order":0,"result":"SUCCESS","issues":["#WIKI-1"]}