{"name":"searching_by_keyword_barlad_should_Display_the_corresponding_arcticle","id":"org.example.features.search.SearchByKeywordStory:searching_by_keyword_barlad_should_Display_the_corresponding_arcticle","testCaseName":"org.example.features.search.SearchByKeywordStory","testSteps":[{"number":1,"description":"Is the home page","duration":512,"startTime":"2024-05-02T20:06:16.308087400+03:00[Europe/Bucharest]","screenshots":[{"screenshot":"d3f708fc8d0f95d005706ebc60d3b755164fa56ad612713fc26880c04f44c0e0.png","timeStamp":1714669576460},{"screenshot":"dd2e373e55a4e53f37877cca97934135ce65261705da218af4c151e09588a8e1.png","timeStamp":1714669576820}],"result":"SUCCESS","precondition":false,"level":0},{"number":2,"description":"Looks for: birlad","duration":1302,"startTime":"2024-05-02T20:06:16.821181600+03:00[Europe/Bucharest]","screenshots":[{"screenshot":"71a5e79ef68594aa2b56c8d4d50c8cad7cca5ee70ce834f49aa41a866467d60c.png","timeStamp":1714669578123}],"result":"SUCCESS","precondition":false,"level":0,"children":[{"number":3,"description":"Enters: birlad","duration":364,"startTime":"2024-05-02T20:06:16.823209200+03:00[Europe/Bucharest]","screenshots":[{"screenshot":"a26e183a64e3bbc6047a41687ecb662f254130634b4d2826c8c18047804b4e57.png","timeStamp":1714669577186}],"result":"SUCCESS","precondition":false,"level":1},{"number":4,"description":"Starts search","duration":932,"startTime":"2024-05-02T20:06:17.187744900+03:00[Europe/Bucharest]","screenshots":[{"screenshot":"a26e183a64e3bbc6047a41687ecb662f254130634b4d2826c8c18047804b4e57.png","timeStamp":1714669577191},{"screenshot":"71a5e79ef68594aa2b56c8d4d50c8cad7cca5ee70ce834f49aa41a866467d60c.png","timeStamp":1714669578119}],"result":"SUCCESS","precondition":false,"level":1}]},{"number":5,"description":"Should see definition: second-person plural imperative of birlar","duration":186,"startTime":"2024-05-02T20:06:18.124361800+03:00[Europe/Bucharest]","screenshots":[{"screenshot":"35dd630897f0c1c5b977079364749ed0bcb00f2abbc7e4d081df740c20b3e200.png","timeStamp":1714669578309}],"result":"SUCCESS","precondition":false,"level":0}],"userStory":{"id":"org.example.features.search.SearchByKeywordStory","storyName":"Search by keyword story","storyClassName":"org.example.features.search.SearchByKeywordStory","path":"search","type":"story"},"featureTag":{"name":"Search/Search by keyword story","type":"story","displayName":"Search/Search by keyword story"},"title":"Searching by keyword barlad should display the corresponding arcticle","tags":[{"name":"Search","type":"feature","displayName":"Search"},{"name":"Search/Search by keyword story","type":"story","displayName":"Search/Search by keyword story"},{"name":"Search","type":"capability","displayName":"Search for definitions"}],"startTime":"2024-05-02T20:06:16.004090300+03:00[Europe/Bucharest]","duration":2306,"projectKey":"","sessionId":"c6f31346b8ca85bae2f94adc8e89f729","driver":"chrome","isManualTestingUpToDate":false,"manual":false,"testSource":"JUnit","order":0,"result":"SUCCESS"}