{"name":"searching_by_keyword_bistrita_should_Display_the_corresponding_article","id":"org.example.features.search.SearchByKeywordStory:searching_by_keyword_bistrita_should_Display_the_corresponding_article","testCaseName":"org.example.features.search.SearchByKeywordStory","testSteps":[{"number":1,"description":"Is the home page","duration":508,"startTime":"2024-05-02T20:06:13.894440800+03:00[Europe/Bucharest]","screenshots":[{"screenshot":"a25ff8df0d81492c254928ea959264a43202813606e115fc36fc1c3c604764a6.png","timeStamp":1714669574048},{"screenshot":"dd2e373e55a4e53f37877cca97934135ce65261705da218af4c151e09588a8e1.png","timeStamp":1714669574402}],"result":"SUCCESS","precondition":false,"level":0},{"number":2,"description":"Looks for: Bistrita","duration":1336,"startTime":"2024-05-02T20:06:14.403468300+03:00[Europe/Bucharest]","screenshots":[{"screenshot":"adfab336e56a3a35a70d4b92a9c7f605932b4a9c7b431662eb701fc6dddc9f18.png","timeStamp":1714669575740}],"result":"SUCCESS","precondition":false,"level":0,"children":[{"number":3,"description":"Enters: Bistrita","duration":531,"startTime":"2024-05-02T20:06:14.405467800+03:00[Europe/Bucharest]","screenshots":[{"screenshot":"413169a6302962b36d2d638195c0b545e8def15586c5e2d805324b04fb0c4824.png","timeStamp":1714669574936}],"result":"SUCCESS","precondition":false,"level":1},{"number":4,"description":"Starts search","duration":801,"startTime":"2024-05-02T20:06:14.936468+03:00[Europe/Bucharest]","screenshots":[{"screenshot":"413169a6302962b36d2d638195c0b545e8def15586c5e2d805324b04fb0c4824.png","timeStamp":1714669574939},{"screenshot":"adfab336e56a3a35a70d4b92a9c7f605932b4a9c7b431662eb701fc6dddc9f18.png","timeStamp":1714669575738}],"result":"SUCCESS","precondition":false,"level":1}]},{"number":5,"description":"Should see definition: The capital city of Bistrița-Năsăud County, Romania.","duration":199,"startTime":"2024-05-02T20:06:15.741138400+03:00[Europe/Bucharest]","screenshots":[{"screenshot":"d3f708fc8d0f95d005706ebc60d3b755164fa56ad612713fc26880c04f44c0e0.png","timeStamp":1714669575941}],"result":"SUCCESS","precondition":false,"level":0}],"userStory":{"id":"org.example.features.search.SearchByKeywordStory","storyName":"Search by keyword story","storyClassName":"org.example.features.search.SearchByKeywordStory","path":"search","type":"story"},"featureTag":{"name":"Search/Search by keyword story","type":"story","displayName":"Search/Search by keyword story"},"title":"Searching by keyword bistrita should display the corresponding article","tags":[{"name":"Search","type":"feature","displayName":"Search"},{"name":"Search/Search by keyword story","type":"story","displayName":"Search/Search by keyword story"},{"name":"Search","type":"capability","displayName":"Search for definitions"}],"startTime":"2024-05-02T20:06:13.679439700+03:00[Europe/Bucharest]","duration":2261,"projectKey":"","sessionId":"c6f31346b8ca85bae2f94adc8e89f729","driver":"chrome","isManualTestingUpToDate":false,"manual":false,"testSource":"JUnit","order":0,"result":"SUCCESS"}