{"name":"searching_by_ambiguious_keyword_should_display_the_disambiguation_page","id":"org.example.features.search.SearchByKeywordStory:searching_by_ambiguious_keyword_should_display_the_disambiguation_page","testCaseName":"org.example.features.search.SearchByKeywordStory","userStory":{"id":"org.example.features.search.SearchByKeywordStory","storyName":"Search by keyword story","storyClassName":"org.example.features.search.SearchByKeywordStory","path":"search","type":"story"},"featureTag":{"name":"Search/Search by keyword story","type":"story","displayName":"Search/Search by keyword story"},"title":"Searching by ambiguious keyword should display the disambiguation page","tags":[{"name":"Search","type":"feature","displayName":"Search"},{"name":"Search/Search by keyword story","type":"story","displayName":"Search/Search by keyword story"},{"name":"Search","type":"capability","displayName":"Search for definitions"}],"startTime":"2024-05-02T20:06:18.312364100+03:00[Europe/Bucharest]","duration":340,"projectKey":"","annotatedResult":"PENDING","sessionId":"c6f31346b8ca85bae2f94adc8e89f729","driver":"chrome","isManualTestingUpToDate":false,"manual":false,"testSource":"JUnit","order":0,"result":"PENDING"}